{
  "project_info": {
    "project_number": "853892631743",
    "firebase_url": "https://triviab-f93e8-default-rtdb.firebaseio.com",
    "project_id": "triviab-f93e8",
    "storage_bucket": "triviab-f93e8.firebasestorage.app"
  },
  "client": [
    {
      "client_info": {
        "mobilesdk_app_id": "1:853892631743:android:24557739c0b90e78b3ca0a",
        "android_client_info": {
          "package_name": "com.example.triviab"
        }
      },
      "oauth_client": [],
      "api_key": [
        {
          "current_key": "AIzaSyB-_f-Mkzv1ZMYnO1wq9yhdrwzYidQyhNM"
        }
      ],
      "services": {
        "appinvite_service": {
          "other_platform_oauth_client": []
        }
      }
    }
  ],
  "configuration_version": "1"
}